VIN,Year,Make,Model,Mileage,Exterior Color,Model Series,Vda,Unit Number,Due Location Name,Advertised Price,State
1C3BC4FB7BN545574,2011,CHRYSLER,200,20569,SIL,LX,0,1358811,FLSOR10,15100,FL
1GKKVRED6BJ227530,2011,GMC,ACADIA,44627,WHI,SLT,707.15,3431368,RHP FT. LAUDERDALE,25300,FL
1GKKVRED0CJ112889,2012,GMC,ACADIA,17819,GLD,SLT-1,0,1392539,GREATER TAMPA BAY AA,33100,FL
1GKKVSED5BJ237831,2011,GMC,ACADIA,50469,GRA,SLT,0,8789455,RHP TAMPA,23300,FL
1GKKVSED9CJ113403,2012,GMC,ACADIA,16047,WHI,SLT-2,0,2103661,FAAO CARTER RD WS,1100,FL
1GKKVSED3BJ235513,2011,GMC,ACADIA,45704,WHI,SLT,0,5199906,RHP FT. LAUDERDALE,24400,FL
1GKKVRED3BJ236508,2011,GMC,ACADIA,46612,GRA,SLT,908.82,8789505,RHP FT. LAUDERDALE,25100,FL
1GKKVRED1CJ122718,2012,GMC,ACADIA,1733,BLU,SLT-1,0,2121523,RHP TAMPA,34200,FL
KMHCN4AC1AU496558,2010,HYUNDAI,ACCENT,40542,GRA,GLS,0,6905681,RHP MIAMI,10700,FL
KMHCN4AC3AU484282,2010,HYUNDAI,ACCENT,41885,BLU,GLS,0,6905483,RHP MIAMI,10600,FL
KMHCN4AC3AU465280,2010,HYUNDAI,ACCENT,43658,WHI,GLS,0,6905913,RHP MIAMI,10500,FL
1HGCP2F36BA073426,2011,HONDA,ACCORD,29169,SIL,LX,0,1248806,FLSOR10,16700,FL
1HGCP2F34BA094906,2011,HONDA,ACCORD,37328,RED,LX,0,1348580,FLSOR10,16200,FL
1N4AL2AP0AN533902,2010,NISSAN,ALTIMA,38923,BLU,S,0,6314744,FAAO CARTER RD WS,15300,FL
1N4AL2AP9BN447862,2011,NISSAN,ALTIMA,27347,WHI,S,217.4,1194422,FLSOR10,16800,FL
1N4AL2AP2BN437030,2011,NISSAN,ALTIMA,40814,SIL,S,0,9968207,RHP ORLANDO,16100,FL
1N4AL2AP4AN513748,2010,NISSAN,ALTIMA,40830,WHI,S,0,7028327,RHP ORLANDO,15200,FL
1N4AL2AP9BN446291,2011,NISSAN,ALTIMA,32000,WHI,S,0,1235613,FLSOR10,16600,FL
1N4AL2AP6BN408145,2011,NISSAN,ALTIMA,40731,SIL,S,1178.8,5124573,RHP FT. LAUDERDALE,16100,FL
1N4AL2AP2AN468387,2010,NISSAN,ALTIMA,41210,RED,S,391.93,5769955,RHP TAMPA,15200,FL
1N4AL2AP5AN431155,2010,NISSAN,ALTIMA,37771,WHI,S,666.34,5899745,RHP MIAMI,15400,FL
1N4AL2AP9BN405109,2011,NISSAN,ALTIMA,35104,RED,S,0,2582096,RHP TAMPA,16400,FL
1N4AL2AP8BN421804,2011,NISSAN,ALTIMA,43931,SIL,S,0,5500822,RHP ORLANDO,15900,FL
1N4AL2AP3AN463151,2010,NISSAN,ALTIMA,42852,RED,S,646.27,5972633,RHP JACKSONVILLE,15100,FL
1N4AL2AP0BN446602,2011,NISSAN,ALTIMA,27967,SIL,S,0,1219245,FLSOR10,16800,FL
1N4AL2AP4BN407026,2011,NISSAN,ALTIMA,30516,LBL,S,0,5521638,FLSOR10,16600,FL
1N4AL2AP9BN420046,2011,NISSAN,ALTIMA,45314,BLU,S,573.24,5469671,RHP MIAMI,15800,FL
1N4AL2AP7BN420417,2011,NISSAN,ALTIMA,42968,WHI,S,0,6557086,RHP MIAMI,16000,FL
1N4AL2AP6BN405102,2011,NISSAN,ALTIMA,29510,BUR,S,205,5521141,FLSOR10,16700,FL
1N4AL2AP8AN450993,2010,NISSAN,ALTIMA,47108,WHI,S,36.5,7135437,RHP ORLANDO,14900,FL
1N4AL2APXBN423344,2011,NISSAN,ALTIMA,50101,SIL,S,0,5468319,RHP ORLANDO,15600,FL
1N4AL2AP9AN498695,2010,NISSAN,ALTIMA,42364,SIL,S,206.82,9393638,FAAO CARTER RD WS,15200,FL
1N4AL2AP4AC142814,2010,NISSAN,ALTIMA,47121,SIL,S,0,6854475,RHP JACKSONVILLE,14900,FL
1N4AL2AP2BN486602,2011,NISSAN,ALTIMA,33375,SIL,S,0,6613897,RHP TAMPA,16500,FL
1N4AL2AP5BN443405,2011,NISSAN,ALTIMA,30452,SIL,S,220.73,5042528,FLSOR10,16600,FL
1N4AL2AP3BN447338,2011,NISSAN,ALTIMA,40679,RED,S,0,3078672,RHP TAMPA,16100,FL
1N4CL2AP4BC130558,2011,NISSAN,ALTIMA HYBRID,28081,GRE,HYB,0,2354967,FLSOR10,17500,FL
1N4CL2AP6BC150939,2011,NISSAN,ALTIMA HYBRID,28651,SIL,HYB,0,3277910,FAAO CARTER RD WS,17500,FL
1N4CL2AP7BC145930,2011,NISSAN,ALTIMA HYBRID,27962,WHI,HYB,0,3278884,CENTRAL FLORIDA AUTO,17500,FL
1N4CL2AP3BC132415,2011,NISSAN,ALTIMA HYBRID,38257,SIL,HYB,428.9,2553808,FAAO CARTER RD WS,17200,FL
1N4CL2AP3BC153362,2011,NISSAN,ALTIMA HYBRID,25770,GRA,HYB,0,3287265,RHP JACKSONVILLE,17600,FL
1N4CL2AP0BC136146,2011,NISSAN,ALTIMA HYBRID,33588,WHI,HYB,0,1741453,FAAO CARTER RD WS,17400,FL
KL1TD6DE6BB158951,2011,CHEVROLET,AVEO,25974,YEL,LT,247,1165133,FLSOR10,11600,FL
KL1TD6DE5BB141400,2011,CHEVROLET,AVEO,22852,WHI,LT,0,9971524,FLSOR10,11800,FL
KL1TD6DE1BB159022,2011,CHEVROLET,AVEO,28015,YEL,LT,0,5511191,FLSOR10,11500,FL
KL1TG6DE7BB172364,2011,CHEVROLET,AVEO,24308,GRA,2LT,0,1169440,FLSOR10,12300,FL
YV1672MK7B2198929,2011,VOLVO,C30,36893,SIL,HB,0,1740471,FLSOR10,18400,FL
YV1672MK2B2203230,2011,VOLVO,C30,41334,WHI,HB,85,2201606,FORT LAUDERDALE AA W,17900,FL
WDDGF5EB1AA401739,2010,MERCEDES,C300,40445,BLA,SPORT,0,8047698,RHP MIAMI,27149.78,FL
WDDGF5EB0AF432709,2010,MERCEDES,C300,40985,RED,SPORT,0,2695641,FORT LAUDERDALE AA W,28600,FL
4T1BF3EK5BU621261,2011,TOYOTA,CAMRY,5437,SIL,SE,696.43,8083636,RHP TAMPA,19000,FL
4T1BF3EK5BU622877,2011,TOYOTA,CAMRY,37522,RED,LE,960.8,2357374,CENTRAL FLORIDA AUTO,16300,FL
4T1BF3EK8BU623294,2011,TOYOTA,CAMRY,39173,WHI,SE,160,2514941,RHP MIAMI,16900,FL
4T1BF3EK6BU129953,2011,TOYOTA,CAMRY,38646,GRA,LE,725.8,5137740,RHP MIAMI,16200,FL
4T1BF3EK4BU188953,2011,TOYOTA,CAMRY,43883,GRA,SE,0,3525631,FLSOR10,15000,FL
4T1BF3EK6BU594331,2011,TOYOTA,CAMRY,45424,BLU,SE,508.58,6911747,RHP TAMPA,16200,FL
4T1BF3EK2BU601159,2011,TOYOTA,CAMRY,44123,SIL,SE,809.34,8504284,CENTRAL FLORIDA AUTO,16400,FL
4T1BF3EK5BU595745,2011,TOYOTA,CAMRY,44498,RED,LE,396.7,8086936,RHP TAMPA,15700,FL
4T1BF3EK9BU129610,2011,TOYOTA,CAMRY,37968,BEI,LE,783.7,5137823,FORT LAUDERDALE AA W,16300,FL
4T1BF3EK6BU612827,2011,TOYOTA,CAMRY,45804,BLU,LE,158.85,3784659,RHP ORLANDO,15600,FL
4T1BF3EK9BU193176,2011,TOYOTA,CAMRY,48451,SIL,SE,0,8082661,FLSOR10,14900,FL
4T1BF3EK9BU163157,2011,TOYOTA,CAMRY,33074,BLA,LE,146.6,1349901,FLSOR10,16700,FL
4T1BF3EK4BU612745,2011,TOYOTA,CAMRY,45573,SIL,SE,85,2203487,FLSOR10,14900,FL
4T1BF3EK5BU653448,2011,TOYOTA,CAMRY,39708,BLU,BASE,210,1220128,FLSOR10,16500,FL
4T1BF3EK9AU576369,2010,TOYOTA,CAMRY,46208,RED,SE,953.03,1326602,RHP JACKSONVILLE,16300,FL
4T1BF3EK3BU613059,2011,TOYOTA,CAMRY,46918,RED,LE,856.5,2202182,RHP MIAMI,15500,FL
4T1BF3EK1BU188585,2011,TOYOTA,CAMRY,42916,SIL,LE,42.2,2652956,RHP TAMPA,15800,FL
4T1BF3EK8BU652424,2011,TOYOTA,CAMRY,42247,WHI,LE,276.7,6234074,RHP MIAMI,15900,FL
4T1BF3EK3BU192668,2011,TOYOTA,CAMRY,29483,SIL,LE,195,3510773,FLSOR10,17000,FL
4T1BF3EK2BU192290,2011,TOYOTA,CAMRY,43898,GRA,LE,210,3973542,RHP ORLANDO,15800,FL
4T1BF3EK1BU126524,2011,TOYOTA,CAMRY,39156,GRA,LE,719.61,7199508,RHP MIAMI,16200,FL
4T1BF3EK5AU085782,2010,TOYOTA,CAMRY,38406,SIL,LE,978.76,2753283,RHP FT. LAUDERDALE,15900,FL
2B3CL3CG8BH586476,2011,DODGE,CHARGER,24378,WHI,SE,0,1360833,FLSOR10,20600,FL
2B3CA3CV6AH193031,2010,DODGE,CHARGER,40283,WHI,SXT,0,6913479,FAAO CARTER RD WS,16700,FL
2B3CL3CG9BH586552,2011,DODGE,CHARGER,24371,DBL,SE,0,1379130,CENTRAL FLORIDA AUTO,20600,FL
2B3CL3CG6BH586590,2011,DODGE,CHARGER,23456,BLA,SE,0,1378975,RHP TAMPA,20600,FL
2HGFA1F52AH537676,2010,HONDA,CIVIC,35525,WHI,LX,215,5973599,FLSOR10,14900,FL
2HGFA1F50AH555464,2010,HONDA,CIVIC,38415,BLU,LX,0,2576494,FLSOR10,14800,FL
1NXBU4EE6AZ336931,2010,TOYOTA,COROLLA,39122,SIL,S,1143.6,1589126,RHP MIAMI,14500,FL
1NXBU4EE2AZ233151,2010,TOYOTA,COROLLA,47759,GRA,LE,735.38,7995772,RHP TAMPA,13000,FL
2T1BU4EE7AC367025,2010,TOYOTA,COROLLA,43070,BLU,LE,160,7191000,FAAO CARTER RD WS,13300,FL
2T1BU4EE5AC384776,2010,TOYOTA,COROLLA,40415,RED,S,1130.65,7425994,RHP MIAMI,14400,FL
2T1BU4EE1AC287106,2010,TOYOTA,COROLLA,42093,SIL,LE,697.4,3396033,RHP MIAMI,13300,FL
2T1BU4EE0AC348798,2010,TOYOTA,COROLLA,47904,SIL,LE,453,7058555,RHP ORLANDO,11800,FL
2T1BU4EE0AC369067,2010,TOYOTA,COROLLA,43330,BLU,LE,270.9,7790249,RHP MIAMI,13300,FL
1NXBU4EEXAZ234824,2010,TOYOTA,COROLLA,50172,RED,LE,1032.05,9505546,RHP MIAMI,13100,FL
2T1BU4EE7AC304748,2010,TOYOTA,COROLLA,39021,GRA,S,539.4,2715779,RHP MIAMI,14500,FL
2T1BU4EE0AC429185,2010,TOYOTA,COROLLA,41158,RED,LE,0,7063670,RHP JACKSONVILLE,13400,FL
2T1BU4EEXAC317249,2010,TOYOTA,COROLLA,40017,SIL,LE,1120.21,5248141,RHP MIAMI,13400,FL
2T1BU4EE4AC397616,2010,TOYOTA,COROLLA,45201,SIL,S,822.95,7207897,RHP MIAMI,14100,FL
2T1BU4EE2AC367420,2010,TOYOTA,COROLLA,45208,SIL,LE,0,7197940,RHP TAMPA,13200,FL
2T1BU4EEXAC313394,2010,TOYOTA,COROLLA,38581,SIL,LE,1120.1,5134549,RHP MIAMI,13500,FL
JTDBU4EE9A9115637,2010,TOYOTA,COROLLA,22883,SIL,LE,0,5842711,FLSOR10,14300,FL
2T1BU4EE1AC332593,2010,TOYOTA,COROLLA,45412,RED,LE,160,8314197,FLSOR10,13200,FL
JTDBU4EE6B9123759,2011,TOYOTA,COROLLA,23666,WHI,LE,0,1241454,FLSOR10,15800,FL
1NXBU4EE7AZ321953,2010,TOYOTA,COROLLA,40703,RED,S,261.5,1389766,RHP MIAMI,14400,FL
2T1BU4EE6AC361216,2010,TOYOTA,COROLLA,43421,RED,S,0,9374000,FLSOR10,14200,FL
1NXBU4EE6AZ277167,2010,TOYOTA,COROLLA,31668,BEI,LE,200,1180959,FLSOR10,13900,FL
2T1BU4EE4AC311558,2010,TOYOTA,COROLLA,37373,SIL,LE,1041.35,5134408,RHP MIAMI,13500,FL
JTDBU4EE0A9107104,2010,TOYOTA,COROLLA,40903,BLU,LE,908.3,8077950,RHP MIAMI,13400,FL
2FABP7EV9BX126921,2011,FORD,CROWN VIC,24533,SIL,LX,0,1122357,FLSOR10,16500,FL
JM3ER4C30B0369346,2011,MAZDA,CX7,29132,SIL,TRNG,0,5421953,FLSOR10,21100,FL
JM3TB3CV3B0313411,2011,MAZDA,CX9,31829,WHI,TRNG,0,2037679,FLSOR10,24900,FL
4A4JN2AS1BE025781,2011,MITSUBISHI,ENDEAVOR,29793,GRA,LS,0,7060650,RHP JACKSONVILLE,19700,FL
4A4JN2AS3BE012594,2011,MITSUBISHI,ENDEAVOR,51634,GRA,LS,0,5244892,RHP FT. LAUDERDALE,18700,FL
4A4JN2AS5BE011866,2011,MITSUBISHI,ENDEAVOR,40055,SIL,LS,205,3954344,RHP MIAMI,19000,FL
4A4JN2ASXBE013970,2011,MITSUBISHI,ENDEAVOR,34740,SIL,LS,290.55,6410559,RHP TAMPA,19400,FL
4A4JN2AS8BE013045,2011,MITSUBISHI,ENDEAVOR,33869,BLA,LS,803.65,5242409,RHP TAMPA,19400,FL
4A4JN2AS3BE009775,2011,MITSUBISHI,ENDEAVOR,36846,WHI,LS,0,6347389,FORT LAUDERDALE AA W,18900,FL
4A4JN2AS0BE010124,2011,MITSUBISHI,ENDEAVOR,35169,GRA,LS,0,6567788,RHP FT. LAUDERDALE,19300,FL
4A4JN2AS1BE025960,2011,MITSUBISHI,ENDEAVOR,31461,WHI,LS,531.26,3984523,RHP TAMPA,19600,FL
4A4JN2AS0BE012519,2011,MITSUBISHI,ENDEAVOR,38026,WHI,LS,438.56,5244595,FAAO CARTER RD WS,19200,FL
4A4JN2AS1BE026025,2011,MITSUBISHI,ENDEAVOR,25074,WHI,LS,0,7044910,FLSOR10,20000,FL
4A4JN2AS4BE026066,2011,MITSUBISHI,ENDEAVOR,23533,WHI,LS,434.05,3793262,FAAO CARTER RD WS,20100,FL
4A4JN2AS8BE012316,2011,MITSUBISHI,ENDEAVOR,34359,WHI,LS,221,5514385,CENTRAL FLORIDA AUTO,19400,FL
4A4JN2AS1BE012089,2011,MITSUBISHI,ENDEAVOR,36592,BLA,LS,0,6563092,RHP FT. LAUDERDALE,19300,FL
4A4JN2ASXBE028386,2011,MITSUBISHI,ENDEAVOR,27918,BLA,LS,0,5224134,RHP JACKSONVILLE,19800,FL
1FMCU9D72AKC59538,2010,FORD,ESCAPE,43275,WHI,XLT,646.35,9058884,RHP FT. LAUDERDALE,16200,FL
1FMCU9D77AKC91773,2010,FORD,ESCAPE,41947,GLD,XLT,338.52,6889786,FORT LAUDERDALE AA W,16300,FL
1FMCU9D72AKC77408,2010,FORD,ESCAPE,39983,WHI,XLT,0,3930195,RHP JACKSONVILLE,16500,FL
1FMCU9D74AKC79743,2010,FORD,ESCAPE,40531,GLD,XLT,894.25,6498539,FORT LAUDERDALE AA W,16500,FL
1FMCU9EGXAKC13227,2010,FORD,ESCAPE,48943,SIL,LTD,0,1242775,FLSOR10,16917.43,FL
1FMCU9EG9AKC04485,2010,FORD,ESCAPE,41648,SIL,LTD,0,7321060,FLSOR10,17200,FL
1FMCU9D70AKC59506,2010,FORD,ESCAPE,39826,GRA,XLT,130,6486625,FORT LAUDERDALE AA W,16500,FL
1FMEU6EE9AUA87047,2010,FORD,EXPLORER,43255,WHI,EB,0,9413584,FLSOR10,21300,FL
1FMEU6EE3AUA52732,2010,FORD,EXPLORER,37310,BLA,EB,402.4,1174341,FORT LAUDERDALE AA W,21800,FL
1GA2G1DG6A1156159,2010,CHEVROLET,EXPRESS,44868,RED,LT,735.48,8037459,FAAO CARTER RD WS,18513.12,FL
1FTEX1E85AFB65501,2010,FORD,F150,37766,RED,XLT,1069.19,7439664,CENTRAL FLORIDA AUTO,23600,FL
3FADP4BJ7BM173238,2011,FORD,FIESTA,20736,SIL,SE,0,5461215,FLSOR10,14000,FL
3FAHP0HA5AR190638,2010,FORD,FUSION,38361,GRA,,85,5490578,RHP FT. LAUDERDALE,14700,FL
3FAHP0HA0AR340221,2010,FORD,FUSION,37182,BLA,SE,0,6901110,FLSOR10,14800,FL
3FAHP0HA7BR222233,2011,FORD,FUSION,43102,RED,SE,0,3074812,RHP ORLANDO,15554.65,FL
3FAHP0HA3AR296828,2010,FORD,FUSION,45401,GRA,SE,0,2575769,RHP ORLANDO,14100,FL
3FAHP0HA5BR223560,2011,FORD,FUSION,45054,SIL,SE,0,9968264,RHP TAMPA,15530.84,FL
4A32B2FF2BE007268,2011,MITSUBISHI,GALANT,47288,WHI,FE,0,8084311,RHP JACKSONVILLE,13400,FL
4A32B2FF4BE007580,2011,MITSUBISHI,GALANT,38093,WHI,FE,282.3,6835797,RHP FT. LAUDERDALE,13800,FL
4A32B2FF4BE008342,2011,MITSUBISHI,GALANT,36271,WHI,FE,85,6402895,RHP ORLANDO,13800,FL
4A32B2FF7BE007122,2011,MITSUBISHI,GALANT,40275,RED,FE,96.91,5769914,FLSOR10,13700,FL
4A32B2FF5BE008883,2011,MITSUBISHI,GALANT,37909,RED,FE,1064.8,2628220,RHP FT. LAUDERDALE,13800,FL
4A32B2FF6AE009894,2010,MITSUBISHI,GALANT,45702,WHI,ES,607.9,5828587,RHP MIAMI,12600,FL
4A32B2FF7BE008318,2011,MITSUBISHI,GALANT,41004,RED,FE,1165.48,6403570,CENTRAL FLORIDA AUTO,13600,FL
4A32B2FF3BE012186,2011,MITSUBISHI,GALANT,35025,RED,FE,0,5193610,FAAO CARTER RD WS,13900,FL
4A32B2FF0BE012291,2011,MITSUBISHI,GALANT,31779,WHI,FE,0,6569420,FLSOR10,14000,FL
4A32B2FF7BE007279,2011,MITSUBISHI,GALANT,38429,WHI,FE,458.6,3526696,FAAO CARTER RD WS,13700,FL
4A32B2FF8BE006853,2011,MITSUBISHI,GALANT,42316,WHI,FE,223.35,6835037,CENTRAL FLORIDA AUTO,13600,FL
4A32B2FF1BE008976,2011,MITSUBISHI,GALANT,42446,SIL,FE,0,6405591,RHP TAMPA,13600,FL
4A32B2FF0BE009066,2011,MITSUBISHI,GALANT,44043,WHI,FE,0,5116090,RHP MIAMI,13500,FL
4A32B2FF7BE008951,2011,MITSUBISHI,GALANT,36538,WHI,FE,186.4,2894855,CENTRAL FLORIDA AUTO,13800,FL
4A32B2FF6BE009198,2011,MITSUBISHI,GALANT,40013,SIL,FE,0,2169720,CENTRAL FLORIDA AUTO,13700,FL
4A32B2FFXBE007700,2011,MITSUBISHI,GALANT,39550,SIL,FE,408.23,6403604,RHP FT. LAUDERDALE,13700,FL
4A32B2FF0BE006961,2011,MITSUBISHI,GALANT,37520,RED,FE,848.05,6834725,FORT LAUDERDALE AA W,13800,FL
4A32B2FFXBE007678,2011,MITSUBISHI,GALANT,42272,SIL,FE,971.45,6403851,CENTRAL FLORIDA AUTO,13600,FL
4A32B2FF5BE012013,2011,MITSUBISHI,GALANT,41495,SIL,FE,0,5242177,RHP TAMPA,13600,FL
4A32B2FF6AE003108,2010,MITSUBISHI,GALANT,46979,SIL,FE,968.75,3899499,RHP MIAMI,12300,FL
4A32B2FF5BE007071,2011,MITSUBISHI,GALANT,37936,WHI,FE,722.9,6835185,RHP FT. LAUDERDALE,13800,FL
2D4RN3DG7BR709263,2011,DODGE,GR CARAVAN,39360,SIL,,0,1210111,RHP JACKSONVILLE,17700,FL
2MEBM7FV9AX640038,2010,MERCURY,GRAND MARQUIS,35547,SIL,LS,0,8661290,FLSOR10,15300,FL
2MEBM7FV4AX638455,2010,MERCURY,GRAND MARQUIS,41714,SIL,LS,0,7774367,RHP FT. LAUDERDALE,15100,FL
2MEBM7FV9AX639505,2010,MERCURY,GRAND MARQUIS,38381,SIL,LS,622.85,5359195,RHP FT. LAUDERDALE,15200,FL
2MEBM7FV8AX639706,2010,MERCURY,GRAND MARQUIS,40349,SIL,LS,0,1947662,RHP JACKSONVILLE,15100,FL
3VWDX7AJ2BM030160,2011,VOLKSW,JETTA,21012,SIL,SE,0,1148741,FLSOR10,16400,FL
1G1ZD5E1XBF172572,2011,CHEVROLET,MALIBU,39335,WHI,LT,0,5048681,RHP FT. LAUDERDALE,15200,FL
1G1ZA5EU4BF147993,2011,CHEVROLET,MALIBU,50274,SIL,LS,0,2595387,FAAO CARTER RD WS,13100,FL
1G1ZA5EU5BF106546,2011,CHEVROLET,MALIBU,48224,GRA,LS,0,5375670,RHP JACKSONVILLE,13200,FL
1G1ZA5EU7BF132338,2011,CHEVROLET,MALIBU,49711,GLD,LS,0,1503366,FAAO CARTER RD WS,13100,FL
1G1ZC5E13BF168687,2011,CHEVROLET,MALIBU,42867,SIL,LT,0,2068930,RHP FT. LAUDERDALE,14400,FL
1G1ZD5EUXBF141865,2011,CHEVROLET,MALIBU,47060,SIL,LT,0,8347429,FORT LAUDERDALE AA W,14600,FL
1G1ZC5EU1BF115836,2011,CHEVROLET,MALIBU,40881,BRO,LT,600.83,1525856,RHP MIAMI,14300,FL
1G1ZC5EU3BF143749,2011,CHEVROLET,MALIBU,41379,BRO,LT,0,1455344,FLSOR10,14300,FL
1G1ZC5EU6BF144328,2011,CHEVROLET,MALIBU,45378,WHI,LT,640.15,6839484,RHP TAMPA,14000,FL
1G1ZC5E12BF147166,2011,CHEVROLET,MALIBU,42639,BRO,LT,0,7472517,RHP JACKSONVILLE,14500,FL
1G1ZA5EU2BF146583,2011,CHEVROLET,MALIBU,42102,SIL,LS,0,9533332,RHP FT. LAUDERDALE,13500,FL
1G1ZA5EU5BF144679,2011,CHEVROLET,MALIBU,38626,BRO,LS,238.02,2593937,RHP FT. LAUDERDALE,13700,FL
1G1ZE5EU6BF138703,2011,CHEVROLET,MALIBU,42106,WHI,LTZ,192.5,6440044,FAAO CARTER RD WS,16000,FL
1G1ZD5EU6BF141216,2011,CHEVROLET,MALIBU,37989,SIL,LT,0,1668946,RHP TAMPA,15300,FL
1G1ZD5E16BF193838,2011,CHEVROLET,MALIBU,45568,SIL,LT,756.72,2540763,FAAO CARTER RD WS,15067.55,FL
1G1ZA5EU1BF194625,2011,CHEVROLET,MALIBU,43012,WHI,LS,225.3,3721131,RHP FT. LAUDERDALE,13500,FL
1G1ZC5E16BF170028,2011,CHEVROLET,MALIBU,39998,SIL,LT,0,3067592,RHP TAMPA,14700,FL
1G1ZD5EU0BF150946,2011,CHEVROLET,MALIBU,42571,SIL,LT,0,3074846,FAAO CARTER RD WS,15000,FL
1G1ZC5EU6BF148637,2011,CHEVROLET,MALIBU,38542,BRO,LT,0,6839518,RHP FT. LAUDERDALE,14500,FL
1G1ZC5E14BF190259,2011,CHEVROLET,MALIBU,48141,WHI,LT,0,3230992,RHP FT. LAUDERDALE,14000,FL
1G1ZA5EUXBF148100,2011,CHEVROLET,MALIBU,46565,SIL,LS,0,3126752,RHP FT. LAUDERDALE,13300,FL
1G1ZC5EU3BF143864,2011,CHEVROLET,MALIBU,42864,BRO,LT,0,6839682,RHP FT. LAUDERDALE,14200,FL
1G1ZE5E17BF142880,2011,CHEVROLET,MALIBU,41626,RED,LTZ,0,6517197,FAAO CARTER RD WS,16000,FL
1G1ZA5EUXBF195871,2011,CHEVROLET,MALIBU,43348,SIL,LS,0,5190533,RHP FT. LAUDERDALE,13400,FL
1G1ZA5E16BF114614,2011,CHEVROLET,MALIBU,37262,SIL,LS,425.18,2867620,RHP FT. LAUDERDALE,13400,FL
1G1ZA5EU9BF149996,2011,CHEVROLET,MALIBU,37564,WHI,LS,0,6306344,FAAO CARTER RD WS,13800,FL
1G1ZA5EU6BF134372,2011,CHEVROLET,MALIBU,43504,WHI,LS,0,1667138,RHP FT. LAUDERDALE,13400,FL
1G1ZC5EUXBF140217,2011,CHEVROLET,MALIBU,38607,GLD,LT,0,6438741,RHP FT. LAUDERDALE,14500,FL
2T1KU4EE4AC294454,2010,TOYOTA,MATRIX,39698,RED,BASE,1128.57,2751212,CENTRAL FLORIDA AUTO,13800,FL
2T1KU4EE6AC367470,2010,TOYOTA,MATRIX,53176,WHI,BASE,805.2,7788664,RHP TAMPA,12500,FL
2T1KU4EE5AC264637,2010,TOYOTA,MATRIX,43862,RED,BASE,856.25,8003766,RHP FT. LAUDERDALE,13400,FL
1N4AA5AP6BC822156,2011,NISSAN,MAXIMA,27612,SIL,S,246.95,1195429,FAAO CARTER RD WS,23700,FL
1N4AA5AP0BC824517,2011,NISSAN,MAXIMA,43935,RED,S,0,1229160,FAAO CARTER RD WS,22000,FL
JM1DE1HY4B0114699,2011,MAZDA,MAZDA 2,16960,RED,SPORT,0,1208271,FLSOR10,12900,FL
JM1DE1HY3B0121983,2011,MAZDA,MAZDA 2,27092,WHI,SPORT,0,1208974,FLSOR10,12600,FL
JM1BL1SF6A1340126,2010,MAZDA,MAZDA 3,33882,SIL,I,0,9411026,RHP FT. LAUDERDALE,13200,FL
JM1BL1VGXB1457682,2011,MAZDA,MAZDA 3,22218,BLU,I,0,3286721,FLSOR10,15400,FL
JM1BL1SF9A1340766,2010,MAZDA,MAZDA 3,51351,GRA,I,771.05,9418914,CENTRAL FLORIDA AUTO,1100,FL
JM1CR2W31A0378913,2010,MAZDA,MAZDA 5,52561,SIL,SPORT,0,7422678,RHP FT. LAUDERDALE,13000,FL
JM1CR2WL6A0367552,2010,MAZDA,MAZDA 5,38611,BLA,SPORT,383.6,8316317,RHP FT. MYERS,13600,FL
JM1CR2W35A0384830,2010,MAZDA,MAZDA 5,37924,COP,SPORT,130,1529742,RHP FT. LAUDERDALE,13600,FL
JM1CR2WLXA0367618,2010,MAZDA,MAZDA 5,40727,SIL,SPORT,817.2,8315830,RHP FT. MYERS,13500,FL
1YVHZ8CH4A5M17452,2010,MAZDA,MAZDA 6,27196,BLA,I,0,8028276,FORT LAUDERDALE AA W,15400,FL
1YVHZ8BH9A5M42171,2010,MAZDA,MAZDA 6,42447,BLA,I,0,9395401,RHP FT. LAUDERDALE,14400,FL
1LNHL9ER8AG600968,2010,LINCOLN,MKS,15393,SIL,,1047.19,6899660,GREATER TAMPA BAY AA,26800,FL
JN8AZ1MW0AW122407,2010,NISSAN,MURANO,30787,GRA,SL,0,8704512,RHP ORLANDO,23500,FL
1ZVBP8EM5B5117865,2011,FORD,MUST CV,45705,SIL,PREM,660.65,1740901,RHP FT. LAUDERDALE,19000,FL
1ZVBP8EM3B5126659,2011,FORD,MUST CV,43235,WHI,PREM,183.7,3701810,FORT LAUDERDALE AA W,19300,FL
1ZVBP8EM1B5117829,2011,FORD,MUST CV,39823,RED,PREM,0,6422059,GREATER TAMPA BAY AA,19700,FL
1ZVBP8EM8B5117875,2011,FORD,MUST CV,41148,SIL,PREM,0,1740919,RHP FT. LAUDERDALE,19600,FL
1ZVBP8EM8B5126513,2011,FORD,MUST CV,45362,RED,PREM,0,5080478,RHP FT. LAUDERDALE,19000,FL
1ZVBP8EM4B5117890,2011,FORD,MUST CV,35019,RED,PREM,0,1740612,FLSOR10,20400,FL
1ZVBP8EM1B5126689,2011,FORD,MUST CV,40380,BLA,PREM,0,3698388,RHP FT. LAUDERDALE,19700,FL
1ZVBP8EM7B5120265,2011,FORD,MUST CV,36921,GRA,PREM,1196.55,6420517,FORT LAUDERDALE AA W,20100,FL
1ZVBP8EM9B5120428,2011,FORD,MUST CV,35376,WHI,PREM,0,6422604,FAAO CARTER RD WS,20300,FL
1ZVBP8EM5B5117848,2011,FORD,MUST CV,42025,BLU,PREM,1071.27,6411763,RHP FT. LAUDERDALE,19400,FL
1ZVBP8EM1B5126692,2011,FORD,MUST CV,39073,BLA,PREM,415.2,6415749,FORT LAUDERDALE AA W,19800,FL
1ZVBP8EM4B5126671,2011,FORD,MUST CV,33494,DBL,PREM,0,2657559,FLSOR10,20600,FL
1ZVBP8EM3B5126550,2011,FORD,MUST CV,31745,SIL,PREM,361.91,2658086,RHP TAMPA,20800,FL
1ZVBP8EM1B5126756,2011,FORD,MUST CV,39289,BLA,PREM,182.39,6411367,RHP FT. LAUDERDALE,19800,FL
1ZVBP8EM2B5126670,2011,FORD,MUST CV,42201,AQU,PREM,709.44,3701794,RHP FT. LAUDERDALE,19400,FL
1ZVBP8EM2B5126488,2011,FORD,MUST CV,41497,SIL,PREM,0,6426217,FORT LAUDERDALE AA W,19500,FL
1ZVBP8EM0B5126490,2011,FORD,MUST CV,43257,RED,PREM,0,6426183,RHP TAMPA,19300,FL
1ZVBP8EM3B5126547,2011,FORD,MUST CV,38551,GRA,PREM,0,3698420,FAAO CARTER RD WS,19900,FL
1ZVBP8EM6B5126462,2011,FORD,MUST CV,40983,BLA,PREM,0,6420822,RHP FT. LAUDERDALE,19600,FL
1ZVBP8EM6B5126574,2011,FORD,MUST CV,39728,SIL,PREM,314.1,6415657,RHP FT. LAUDERDALE,19700,FL
1ZVBP8EM5B5126761,2011,FORD,MUST CV,43334,BLA,PREM,0,6411383,FLSOR10,19300,FL
1ZVBP8EMXB5117862,2011,FORD,MUST CV,39773,GRA,PREM,222.4,1740885,FORT LAUDERDALE AA W,19800,FL
1ZVBP8AM1B5166311,2011,FORD,MUST SDN,32135,GRA,PREM,0,5506845,FORT LAUDERDALE AA W,18900,FL
1ZVBP8AM3B5169940,2011,FORD,MUST SDN,31601,WHI,PREM,0,1234186,RHP JACKSONVILLE,18000,FL
1ZVBP8AM7B5166006,2011,FORD,MUST SDN,30427,RED,PREM,0,1113729,FLSOR10,18900,FL
1ZVBP8AM7B5166443,2011,FORD,MUST SDN,26697,SIL,PREM,0,5463807,FLSOR10,19000,FL
1ZVBP8AM3B5165919,2011,FORD,MUST SDN,35560,RED,PREM,264.4,5684345,CENTRAL FLORIDA AUTO,18900,FL
1ZVBP8AM0B5166543,2011,FORD,MUST SDN,26715,GRA,PREM,1051.15,5499397,CENTRAL FLORIDA AUTO,19000,FL
1ZVBP8AM7B5166345,2011,FORD,MUST SDN,30503,WHI,PREM,1153.97,1265610,RHP TAMPA,18900,FL
1ZVBP8AM4B5166528,2011,FORD,MUST SDN,52363,SIL,PREM,0,5501523,RHP FT. LAUDERDALE,19000,FL
1ZVBP8AM8B5166368,2011,FORD,MUST SDN,29421,RED,PREM,1148.89,1265511,RHP TAMPA,19000,FL
1ZVBP8AM0B5166381,2011,FORD,MUST SDN,29226,WHI,PREM,0,1265446,RHP TAMPA,19000,FL
1ZVBP8AMXB5169935,2011,FORD,MUST SDN,29323,RED,PREM,588.9,1235027,RHP TAMPA,19000,FL
1ZVBP8AM4B5166092,2011,FORD,MUST SDN,33966,GRA,PREM,829.73,6558696,FAAO CARTER RD WS,18900,FL
1ZVBP8AM3B5166309,2011,FORD,MUST SDN,32334,RED,PREM,0,5511886,FLSOR10,18900,FL
1ZVBP8AM7B5166118,2011,FORD,MUST SDN,28931,RED,PREM,205,6566897,RHP TAMPA,19000,FL
1ZVBP8AM1B5166115,2011,FORD,MUST SDN,31795,WHI,PREM,793.75,6558654,RHP TAMPA,18900,FL
1ZVBP8AM1B5165840,2011,FORD,MUST SDN,36937,RED,PREM,356.9,3074366,RHP TAMPA,18900,FL
1ZVBP8AM7B5166197,2011,FORD,MUST SDN,20779,WHI,PREM,0,1119676,FLSOR10,19100,FL
1ZVBP8AM8B5166306,2011,FORD,MUST SDN,24834,WHI,PREM,0,1223155,RHP TAMPA,19000,FL
1ZVBP8AM2B5166205,2011,FORD,MUST SDN,16968,WHI,PREM,523.4,1119650,CENTRAL FLORIDA AUTO,18900,FL
1D4PU5GK0AW141126,2010,DODGE,NITRO,46964,TAN,SXT,0,5595046,RHP MIAMI,15900,FL
WMEEJ3BA0AK363593,2010,SMART,PASSION,19178,WHI,COUPE,0,6906184,RHP PALM BEACH,11100,FL
JN8AZ2NE2B9002927,2011,NISSAN,QX56,24896,GRE,,0,1162387,FLSOR10,51100,FL
2T3BF4DV4BW086853,2011,TOYOTA,RAV4,38022,BLU,BASE,781.05,6237077,RHP TAMPA,17700,FL
2T3BF4DV0BW085537,2011,TOYOTA,RAV4,42807,RED,BASE,0,6526412,RHP JACKSONVILLE,17300,FL
2T3BF4DV3BW087363,2011,TOYOTA,RAV4,39300,GRA,BASE,0,3973567,RHP FT. LAUDERDALE,17600,FL
2T3BF4DVXBW085898,2011,TOYOTA,RAV4,38527,SIL,BASE,0,5086517,RHP TAMPA,17700,FL
2T3BF4DV8BW084278,2011,TOYOTA,RAV4,38721,WHI,BASE,0,5194527,RHP TAMPA,17700,FL
2T3BF4DV2BW103830,2011,TOYOTA,RAV4,40394,SIL,BASE,0,1158013,RHP JACKSONVILLE,17500,FL
2T3BF4DV6AW037829,2010,TOYOTA,RAV4,43059,SIL,BASE,180,7083207,FLSOR10,16700,FL
2T3BF4DV4BW086545,2011,TOYOTA,RAV4,37847,WHI,BASE,374,6532220,RHP FT. LAUDERDALE,17700,FL
2T3BF4DV2BW084180,2011,TOYOTA,RAV4,39157,RED,BASE,0,3079258,RHP ORLANDO,17600,FL
2T3BF4DV3BW118451,2011,TOYOTA,RAV4,40391,RED,BASE,0,7988579,RHP FT. LAUDERDALE,18044.22,FL
2T3BF4DV0BW082542,2011,TOYOTA,RAV4,37847,GRA,BASE,130,5119581,FAAO CARTER RD WS,17700,FL
JTMBF4DV0A5023464,2010,TOYOTA,RAV4,40406,SIL,BASE,0,7319908,FLSOR10,16900,FL
2T3BF4DV3BW087430,2011,TOYOTA,RAV4,47321,WHI,BASE,0,3950516,RHP FT. LAUDERDALE,16983.14,FL
JN8AS5MV8BW252049,2011,NISSAN,ROGUE,42581,GRA,S,180,2073815,CENTRAL FLORIDA AUTO,16400,FL
JN8AS5MV5BW252560,2011,NISSAN,ROGUE,38972,RED,S,0,5049218,CENTRAL FLORIDA AUTO,16500,FL
JN8AS5MV2BW252547,2011,NISSAN,ROGUE,38582,SIL,S,0,3641107,RHP ORLANDO,16500,FL
JN8AS5MV3BW256770,2011,NISSAN,ROGUE,39317,WHI,S,0,6837900,RHP JACKSONVILLE,16500,FL
JN8AS5MV3BW260897,2011,NISSAN,ROGUE,38088,RED,S,0,3284965,FLSOR10,16600,FL
JN8AS5MV1BW276970,2011,NISSAN,ROGUE,36861,SIL,S,0,7081326,RHP TAMPA,16600,FL
JN8AS5MV9BW673245,2011,NISSAN,ROGUE,33426,SIL,S,0,6851232,RHP FT. LAUDERDALE,16800,FL
2V4RW3D16AR280269,2010,VOLKSW,ROUTAN,40018,BLU,SE,112.5,7390297,FAAO CARTER RD WS,17200,FL
2V4RW3D12AR295092,2010,VOLKSW,ROUTAN,34956,BLA,SE,0,7389463,FAAO CARTER RD WS,17600,FL
2V4RW3D13AR280262,2010,VOLKSW,ROUTAN,51107,BLA,SE,0,7390123,FLSOR10,16300,FL
YV1672MS1B2540259,2011,VOLVO,S40,26092,GRA,T5,1071.89,1138569,GREATER TAMPA BAY AA,22900,FL
YV1672MS7B2540136,2011,VOLVO,S40,29349,WHI,T5,185,1138494,FLSOR10,22600,FL
YV1672MS7B2539987,2011,VOLVO,S40,27003,BLU,T5,0,1138254,GREATER TAMPA BAY AA,22800,FL
YV1672MS5B2540233,2011,VOLVO,S40,26796,BLU,T5,0,1138171,GREATER TAMPA BAY AA,22800,FL
YV1672MS6B2540001,2011,VOLVO,S40,22835,SIL,T5,0,1138338,GREATER TAMPA BAY AA,23200,FL
YV1672MS3B2539906,2011,VOLVO,S40,25746,SIL,T5,557.98,1138445,GREATER TAMPA BAY AA,22900,FL
YV1672MS0B2540026,2011,VOLVO,S40,26459,SIL,T5,0,1138411,RHP FT. LAUDERDALE,22900,FL
YV1672MS1B2540018,2011,VOLVO,S40,19973,SIL,T5,0,1138379,FLSOR10,23400,FL
YV1672MS0B2539720,2011,VOLVO,S40,26193,WHI,T5,423.1,1141084,GREATER TAMPA BAY AA,22900,FL
YV1672MSXB2540180,2011,VOLVO,S40,24585,WHI,T5,0,1138072,CENTRAL FLORIDA AUTO,23000,FL
YV1672MS7B2539794,2011,VOLVO,S40,26490,SIL,T5,0,1140730,GREATER TAMPA BAY AA,22900,FL
YV1672MS6B2539981,2011,VOLVO,S40,30274,BLU,T5,75,1137124,FAAO CARTER RD WS,22500,FL
YV1672MS5B2540104,2011,VOLVO,S40,31395,WHI,T5,0,1138486,FAAO CARTER RD WS,22400,FL
YV1672MS8B2539853,2011,VOLVO,S40,26345,SIL,T5,0,1160571,FAAO CARTER RD WS,22900,FL
YV1672MS9B2540252,2011,VOLVO,S40,21328,BLU,T5,40,1138601,FLSOR10,23300,FL
1C3CC4FB6AN168254,2010,CHRYSLER,SEBRING,40847,GRA,,364.05,6900898,RHP TAMPA,12600,FL
1C3CC4FBXAN177653,2010,CHRYSLER,SEBRING,34498,SIL,,0,6910020,FLSOR10,13000,FL
KNDMB233586242501,2008,KIA,SEDONA,62118,GRA,LX,0,3142353,FORT LAUDERDALE AA W,10800,FL
KNDMG4C36A6350497,2010,KIA,SEDONA,44818,BLA,LX,0,9053752,RHP MIAMI,14300,FL
KNDMG4C70B6365064,2011,KIA,SEDONA,43148,BUR,LX,815.95,6408975,RHP FT. LAUDERDALE,16500,FL
KNDMG4C7XB6363631,2011,KIA,SEDONA,50406,BEI,LX,1156.2,8811697,FAAO CARTER RD WS,16500,FL
3N1AB6APXAL716084,2010,NISSAN,SENTRA,38257,WHI,S,0,5304860,RHP JACKSONVILLE,12900,FL
3N1AB6AP5AL656814,2010,NISSAN,SENTRA,40727,RED,,0,5141932,RHP MIAMI,1100,FL
3N1AB6APXAL613473,2010,NISSAN,SENTRA,45762,GRA,S,478.5,2408201,RHP MIAMI,12500,FL
3N1AB6AP8AL724135,2010,NISSAN,SENTRA,38979,WHI,S,20,7358757,RHP MIAMI,12900,FL
3N1AB6AP6BL603959,2011,NISSAN,SENTRA,45271,GRA,S,0,3060845,RHP JACKSONVILLE,14000,FL
3N1AB6AP2AL720968,2010,NISSAN,SENTRA,37445,GRA,S,0,9410374,FAAO CARTER RD WS,13000,FL
3N1AB6AP7BL601895,2011,NISSAN,SENTRA,39354,BLA,S,577.89,3613957,FAAO CARTER RD WS,14200,FL
3N1AB6AP2AL720100,2010,NISSAN,SENTRA,38193,GRA,S,747.7,7358898,CENTRAL FLORIDA AUTO,12900,FL
3N1AB6AP7AL707939,2010,NISSAN,SENTRA,45221,WHI,S,85,7768393,RHP FT. LAUDERDALE,12600,FL
3N1AB6AP1BL602556,2011,NISSAN,SENTRA,43166,SIL,S,0,6406680,RHP TAMPA,14100,FL
3N1AB6AP9BL603759,2011,NISSAN,SENTRA,41947,RED,S,363.75,6793251,CENTRAL FLORIDA AUTO,14100,FL
3N1AB6AP7BL603209,2011,NISSAN,SENTRA,37993,SIL,S,357.6,5118278,RHP MIAMI,14300,FL
3N1AB6AP2BL603859,2011,NISSAN,SENTRA,38899,BRO,S,0,3448529,RHP FT. LAUDERDALE,14200,FL
3N1AB6APXAL659384,2010,NISSAN,SENTRA,36650,RED,S,0,7440829,FLSOR10,13000,FL
3N1AB6AP7AL720142,2010,NISSAN,SENTRA,43655,WHI,S,0,2281574,RHP MIAMI,12800,FL
3N1AB6AP4AL720891,2010,NISSAN,SENTRA,42484,GRA,S,0,7358013,RHP MIAMI,12700,FL
3N1AB6AP9AL711300,2010,NISSAN,SENTRA,41781,RED,S,0,5380019,RHP ORLANDO,12700,FL
3N1AB6AP3BL607368,2011,NISSAN,SENTRA,37965,WHI,S,0,3062650,RHP FT. LAUDERDALE,14300,FL
3N1AB6APXAL708907,2010,NISSAN,SENTRA,41544,RED,S,0,8755894,RHP ORLANDO,12700,FL
3N1AB6APXBL606945,2011,NISSAN,SENTRA,38559,GRA,S,0,5118443,RHP JACKSONVILLE,14300,FL
5TDKK3DC1BS014241,2011,TOYOTA,SIENNA,51058,SIL,LE,777.55,5362041,GREATER TAMPA BAY AA,20200,FL
5TDKK3DC4BS087121,2011,TOYOTA,SIENNA,28593,SIL,LE,0,6348627,RHP PALM BEACH,23100,FL
5TDKK3DC6BS079585,2011,TOYOTA,SIENNA,45651,SIL,LE,834.3,5520341,RHP FT. LAUDERDALE,20900,FL
5TDKK3DCXBS030843,2011,TOYOTA,SIENNA,38620,BUR,LE,0,6425243,RHP FT. LAUDERDALE,21800,FL
5TDKK3DCXBS076544,2011,TOYOTA,SIENNA,32357,WHI,LE,595.6,6576755,RHP TAMPA,22600,FL
5TDKK3DC0BS076360,2011,TOYOTA,SIENNA,28076,RED,LE,716.45,6351282,RHP TAMPA,23200,FL
5TDKK3DC2BS076750,2011,TOYOTA,SIENNA,23687,SIL,LE,0,6351274,FAAO CARTER RD WS,23800,FL
5TDKK3DC0BS074768,2011,TOYOTA,SIENNA,44269,BUR,LE,0,6553390,FLSOR10,21100,FL
5TDKK3DCXBS074518,2011,TOYOTA,SIENNA,39632,BUR,LE,806.7,6554794,FORT LAUDERDALE AA W,21700,FL
5TDKK3DC1BS092776,2011,TOYOTA,SIENNA,47592,GRA,LE,158.45,3784808,FORT LAUDERDALE AA W,20600,FL
5TDKK3DCXBS079072,2011,TOYOTA,SIENNA,31135,SIL,LE,0,6351761,RHP JACKSONVILLE,22800,FL
5TDKK3DCXBS078052,2011,TOYOTA,SIENNA,42523,RED,LE,250.05,6576789,RHP FT. LAUDERDALE,21300,FL
5TDKK3DC6BS075701,2011,TOYOTA,SIENNA,38859,RED,LE,35,6565089,RHP FT. LAUDERDALE,21800,FL
5TDKK3DC6BS078386,2011,TOYOTA,SIENNA,30578,SIL,LE,270.2,6575138,FAAO CARTER RD WS,22900,FL
5TDKK3DC8BS076770,2011,TOYOTA,SIENNA,36463,SIL,LE,0,6365332,FAAO CARTER RD WS,22100,FL
5TDKK3DC7BS079126,2011,TOYOTA,SIENNA,29066,SIL,LE,896.79,6365068,CENTRAL FLORIDA AUTO,23100,FL
5TDKK3DC7BS079708,2011,TOYOTA,SIENNA,33284,RED,LE,900.35,6365183,FAAO CARTER RD WS,22500,FL
5TDKK3DC2BS075548,2011,TOYOTA,SIENNA,29135,SIL,LE,1088.18,2569127,RHP FT. LAUDERDALE,23100,FL
5TDKK3DC9BS087924,2011,TOYOTA,SIENNA,35098,LGN,LE,112.5,5521463,FAAO CARTER RD WS,22300,FL
5TDKK3DC7BS076873,2011,TOYOTA,SIENNA,29057,BUR,LE,0,6554638,RHP JACKSONVILLE,23100,FL
5TDKK3DC5BS012377,2011,TOYOTA,SIENNA,60869,WHI,LE,239,2939676,RHP PALM BEACH,18900,FL
5TDKK3DC3BS087336,2011,TOYOTA,SIENNA,28902,WHI,LE,878.61,5521489,RHP FT. LAUDERDALE,23100,FL
5TDKK3DCXBS076396,2011,TOYOTA,SIENNA,29506,RED,LE,0,6352298,RHP TAMPA,23100,FL
5TDKK3DC8BS082827,2011,TOYOTA,SIENNA,41159,SIL,LE,0,5061205,RHP FT. LAUDERDALE,21500,FL
5TDKK3DC4BS076894,2011,TOYOTA,SIENNA,36011,WHI,LE,825.82,6553788,FAAO CARTER RD WS,22200,FL
5TDKK3DCXBS073417,2011,TOYOTA,SIENNA,34702,LGN,LE,0,2569275,FAAO CARTER RD WS,22300,FL
5TDKK3DC7BS085167,2011,TOYOTA,SIENNA,42715,WHI,LE,0,6575294,FAAO CARTER RD WS,21300,FL
5TDKK3DC9BS014701,2011,TOYOTA,SIENNA,50807,SIL,LE,997.3,1847532,FAAO CARTER RD WS,20200,FL
5TDKK3DC7BS089820,2011,TOYOTA,SIENNA,43198,GRE,LE,85,6563944,RHP FT. LAUDERDALE,21200,FL
5TDKK3DC5BS082753,2011,TOYOTA,SIENNA,45420,SIL,LE,1074.97,5061239,FAAO CARTER RD WS,20900,FL
5TDKK3DC8BS092130,2011,TOYOTA,SIENNA,52612,SIL,LE,360.8,7025521,GREATER TAMPA BAY AA,20900,FL
5TDKK3DC8BS076882,2011,TOYOTA,SIENNA,32684,GRA,LE,85,6351860,RHP TAMPA,22600,FL
5TDKK3DC1BS078294,2011,TOYOTA,SIENNA,32410,RED,LE,640.6,6351290,RHP TAMPA,22600,FL
5TDKK3DC0BS077976,2011,TOYOTA,SIENNA,32997,RED,LE,160,6365241,FAAO CARTER RD WS,22600,FL
5TDKK3DC2BS074433,2011,TOYOTA,SIENNA,40942,WHI,LE,734.81,2569630,FAAO CARTER RD WS,21500,FL
5TDKK3DC6BS076928,2011,TOYOTA,SIENNA,26701,GRE,LE,1027.54,6365357,FAAO CARTER RD WS,23400,FL
5TDKK3DC9BS078107,2011,TOYOTA,SIENNA,39355,GRA,LE,0,6553861,RHP FT. LAUDERDALE,21700,FL
5TDKK4CC0AS330607,2010,TOYOTA,SIENNA,44669,SIL,LE,340.35,2739704,RHP FT. LAUDERDALE,19300,FL
5TDKK3DC9BS088359,2011,TOYOTA,SIENNA,22460,RED,LE,70,5084165,GREATER TAMPA BAY AA,24000,FL
5TDKK3DC5BS012119,2011,TOYOTA,SIENNA,55153,SIL,LE,0,2942050,FORT LAUDERDALE AA W,19600,FL
5TDKK3DC5BS030233,2011,TOYOTA,SIENNA,46533,BUR,LE,0,6425375,FORT LAUDERDALE AA W,20800,FL
5TDKK3DC5BS079559,2011,TOYOTA,SIENNA,30426,SIL,LE,0,5520390,CENTRAL FLORIDA AUTO,22900,FL
5TDKK3DC7BS077408,2011,TOYOTA,SIENNA,35585,WHI,LE,0,6552657,GREATER TAMPA BAY AA,22200,FL
5TDKK3DC4BS087118,2011,TOYOTA,SIENNA,41025,SIL,LE,130,6348692,GREATER TAMPA BAY AA,21500,FL
5NPEB4AC6BH078577,2011,HYUNDAI,SONATA,39370,SIL,GLS,743.4,1940311,RHP MIAMI,16800,FL
5NPEB4AC6BH055638,2011,HYUNDAI,SONATA,42600,TAN,GLS,388.85,5416615,RHP JACKSONVILLE,16600,FL
5NPEB4AC0BH072760,2011,HYUNDAI,SONATA,40456,SIL,GLS,85,8782815,RHP FT. LAUDERDALE,16700,FL
5NPEB4AC0BH070118,2011,HYUNDAI,SONATA,40752,SIL,GLS,0,1940592,RHP MIAMI,16700,FL
5NPEB4AC5BH059910,2011,HYUNDAI,SONATA,40883,GRA,GLS,806.65,7989908,RHP MIAMI,16700,FL
5NPEB4AC2BH055085,2011,HYUNDAI,SONATA,38328,SIL,GLS,0,5416128,FLSOR10,16800,FL
5NPEB4AC3BH063843,2011,HYUNDAI,SONATA,38910,SIL,GLS,619.35,2462703,FAAO CARTER RD WS,16800,FL
5NPEB4AC8BH025119,2011,HYUNDAI,SONATA,44863,BLU,GLS,519.95,6581425,FAAO CARTER RD WS,16500,FL
5NPEB4AC0BH072743,2011,HYUNDAI,SONATA,42228,WHI,GLS,0,8783094,RHP MIAMI,16600,FL
5NPEB4AC9BH084695,2011,HYUNDAI,SONATA,44961,GRA,GLS,0,3768074,RHP MIAMI,16500,FL
5NPEB4AC4BH053144,2011,HYUNDAI,SONATA,41643,GRA,GLS,0,5416318,RHP MIAMI,16700,FL
1FBSS3BL0ADA30660,2010,FORD,SUPERCLUBWGN,51476,WHI,XLT,1133.5,1229061,RHP MIAMI,17200,FL
1FAHP2FW1AG159047,2010,FORD,TAURUS,41778,SIL,LTD,0,6097497,RHP FT. LAUDERDALE,19607.69,FL
1N6AA0EJ2BN311645,2011,NISSAN,TITAN,23930,GRA,SV,0,6331797,FAAO CARTER RD WS,25700,FL
1N6AA0EJ9BN309634,2011,NISSAN,TITAN,45411,WHI,SV,784.01,1196716,FAAO CARTER RD WS,24800,FL
1N6AA0EJ7BN311754,2011,NISSAN,TITAN,18965,SIL,SV,381.23,6322572,FAAO CARTER RD WS,26200,FL
2A4RR5D12AR308771,2010,CHRYSLER,TOWN COUNTRY,40313,BLA,TRNG,828,7397375,CENTRAL FLORIDA AUTO,16500,FL
214RR5D10AR293008,2010,CHRYSLER,TOWN COUNTRY,42850,BLA,,0,6913271,CENTRAL FLORIDA AUTO,1100,FL
214RR5D1XAR308503,2010,CHRYSLER,TOWN COUNTRY,38378,SIL,,0,5491360,FAAO CARTER RD WS,1100,FL
214RR5D16AR285057,2010,CHRYSLER,TOWN COUNTRY,35675,WHI,,524.2,5493440,RHP FT. LAUDERDALE,1100,FL
2A4RR5D12AR286738,2010,CHRYSLER,TOWN COUNTRY,45051,BRO,,0,6901078,FORT LAUDERDALE AA W,16000,FL
2A4RR5D19AR309075,2010,CHRYSLER,TOWN COUNTRY,40727,WHI,TRNG,0,1207372,RHP FT. LAUDERDALE,16500,FL
214RR5D14AR266197,2010,CHRYSLER,TOWN COUNTRY,40985,SIL,,464.05,5493051,FAAO CARTER RD WS,1100,FL
214RR5D15AR260456,2010,CHRYSLER,TOWN COUNTRY,31537,SIL,,85,5491576,FORT LAUDERDALE AA W,1100,FL
2A4RR5D18AR324022,2010,CHRYSLER,TOWN COUNTRY,38491,DBL,,0,6916001,CENTRAL FLORIDA AUTO,16700,FL
214RR5D18AR304479,2010,CHRYSLER,TOWN COUNTRY,38624,LBL,,0,6918189,CENTRAL FLORIDA AUTO,1100,FL
214RR5D18AR309133,2010,CHRYSLER,TOWN COUNTRY,41240,SIL,,157.85,6916027,FORT LAUDERDALE AA W,1100,FL
214RR5D13AR243428,2010,CHRYSLER,TOWN COUNTRY,40224,SIL,,315.5,5493127,FORT LAUDERDALE AA W,1100,FL
214RR5D12AR284861,2010,CHRYSLER,TOWN COUNTRY,36353,WHI,,0,6909352,FLSOR10,1100,FL
2A4RR5D10AR373666,2010,CHRYSLER,TOWN COUNTRY,54875,BLU,TRNG,989.48,7199037,FAAO CARTER RD WS,15999.65,FL
1GNLVGED5AJ265793,2010,CHEVROLET,TRAVERSE,41338,BLA,LT,368,1743574,RHP FT. LAUDERDALE,30721.21,FL
5TFRY5F18AX079293,2010,TOYOTA,TUNDRA,28235,GRA,,0,6966501,FAAO CARTER RD WS,24200,FL
3N1BC1AP6AL430754,2010,NISSAN,VERSA,38543,GRA,S,450.95,9036609,RHP FT. LAUDERDALE,11800,FL
3N1BC1CP6AL405415,2010,NISSAN,VERSA,42850,SIL,S,760.4,6146716,RHP MIAMI,11700,FL
3N1BC1CP6AL459233,2010,NISSAN,VERSA,45398,WHI,S,386.25,7241516,RHP MIAMI,11600,FL
3N1BC1AP5AL409071,2010,NISSAN,VERSA,37970,GRA,S,892.3,1172733,RHP MIAMI,11800,FL
3N1BC1AP7AL466355,2010,NISSAN,VERSA,41359,SIL,S,0,9713397,RHP MIAMI,11700,FL
3N1BC1CP4BL373713,2011,NISSAN,VERSA,37933,SIL,S,0,2860062,CENTRAL FLORIDA AUTO,12600,FL
3N1BC1CP8AL460089,2010,NISSAN,VERSA,41040,GRA,S,741.3,5293667,RHP MIAMI,11800,FL
3N1BC1AP9AL438380,2010,NISSAN,VERSA,43745,WHI,S,0,7332786,RHP TAMPA,11700,FL
3N1BC1CP7BL398718,2011,NISSAN,VERSA,39138,SIL,S,325.73,6406789,RHP FT. LAUDERDALE,12500,FL
3N1BC1CP4BL399194,2011,NISSAN,VERSA,38740,LBL,S,170,6793202,RHP ORLANDO,12500,FL
3N1BC1CP3AL455284,2010,NISSAN,VERSA,32304,RED,S,530.4,7232952,RHP MIAMI,12200,FL
3N1BC1APXBL405499,2011,NISSAN,VERSA,42368,SIL,S,0,3061991,RHP MIAMI,12300,FL
3N1BC1APXAL437125,2010,NISSAN,VERSA,38478,SIL,S,0,7255516,RHP MIAMI,11800,FL
3N1BC1CP7AL429397,2010,NISSAN,VERSA,37633,GRA,S,164.35,9024670,RHP MIAMI,11900,FL
3N1BC1CP0BL362840,2011,NISSAN,VERSA,44516,SIL,S,0,2286227,RHP ORLANDO,12300,FL
3N1BC1CPXBL378138,2011,NISSAN,VERSA,40578,BLA,S,0,5043872,RHP ORLANDO,12500,FL
3N1BC1APXAL407168,2010,NISSAN,VERSA,34981,GRA,S,0,7312192,RHP FT. LAUDERDALE,11800,FL
3N1BC1CP9AL369039,2010,NISSAN,VERSA,37641,GRA,S,908.25,1173665,RHP MIAMI,11900,FL
3N1BC1AP7AL464511,2010,NISSAN,VERSA,36080,SIL,S,656.45,5365663,FAAO CARTER RD WS,11800,FL
3N1BC1AP4AL440957,2010,NISSAN,VERSA,51123,SIL,S,0,2675346,RHP ORLANDO,11600,FL
3N1BC1AP4BL379112,2011,NISSAN,VERSA,36044,DBL,S,0,1996370,FAAO CARTER RD WS,12500,FL
3N1BC1CP2BL383186,2011,NISSAN,VERSA,38672,WHI,S,0,8698623,RHP FT. LAUDERDALE,12500,FL
3N1BC1CP7AL460228,2010,NISSAN,VERSA,39947,WHI,S,0,7430218,FLSOR10,11800,FL
3N1BC1AP7BL392131,2011,NISSAN,VERSA,37602,WHI,S,1005.2,6441612,CENTRAL FLORIDA AUTO,12500,FL
3N1BC1AP6AL450616,2010,NISSAN,VERSA,40221,WHI,S,534.4,7396922,RHP FT. LAUDERDALE,11700,FL
3N1BC1AP5BL391172,2011,NISSAN,VERSA,38317,SIL,S,0,1505585,RHP TAMPA,12500,FL
3N1BC1AP0AL424027,2010,NISSAN,VERSA,38307,SIL,S,491.7,7580863,RHP MIAMI,11900,FL
3N1BC1CP6BL405660,2011,NISSAN,VERSA,39831,WHI,S,0,3060258,RHP MIAMI,12500,FL
3N1BC1AP9BL378599,2011,NISSAN,VERSA,42106,BLA,S,0,9066549,RHP MIAMI,12300,FL
3N1BC1CP7BL378386,2011,NISSAN,VERSA,4030,BLU,S,61.55,1505353,RHP ORLANDO,13800,FL
3N1BC1CP4AL369580,2010,NISSAN,VERSA,40008,RED,S,0,2712123,RHP MIAMI,11800,FL
3N1BC1CP3BL382449,2011,NISSAN,VERSA,38485,RED,S,0,1505445,FAAO CARTER RD WS,12500,FL
3N1BC1AP7AL449880,2010,NISSAN,VERSA,40212,WHI,S,342.6,7264872,FAAO CARTER RD WS,11700,FL
3N1BC1AP1BL394411,2011,NISSAN,VERSA,38733,GRA,S,607.6,3725850,RHP TAMPA,12500,FL
3N1BC1CP2AL406111,2010,NISSAN,VERSA,30255,SIL,S,829.96,7228232,FORT LAUDERDALE AA W,12300,FL
JTDBT4K30A1384677,2010,TOYOTA,YARIS,36809,GRA,BASE,160,6962559,CENTRAL FLORIDA AUTO,12200,FL
JTDBT4K30B1398841,2011,TOYOTA,YARIS,38113,RED,BASE,0,5080718,RHP TAMPA,12300,FL
JTDBT4K33A1381353,2010,TOYOTA,YARIS,39252,RED,BASE,737.71,7414931,RHP MIAMI,12100,FL
JTDBT4K33A4074179,2010,TOYOTA,YARIS,40902,WHI,BASE,256.85,6489066,FAAO CARTER RD WS,12000,FL
JTDBT4K38B1405812,2011,TOYOTA,YARIS,31394,SIL,BASE,0,5479142,FLSOR10,12400,FL
JTDBT4K36B1398908,2011,TOYOTA,YARIS,30634,RED,BASE,0,6553317,FLSOR10,12500,FL
JTDBT4K32A4073458,2010,TOYOTA,YARIS,40647,SIL,BASE,727.75,1148584,RHP TAMPA,12000,FL
JTDBT4K39A4074980,2010,TOYOTA,YARIS,38898,RED,BASE,466.61,8682270,RHP TAMPA,12100,FL
JTDBT4K34A1387095,2010,TOYOTA,YARIS,37136,SIL,BASE,0,8041568,RHP FT. LAUDERDALE,12200,FL
JTDKT4K34A5281335,2010,TOYOTA,YARIS,42346,WHI,BASE,786.16,2396349,RHP TAMPA,12000,FL
JTDKT4K36A5305294,2010,TOYOTA,YARIS,41355,RED,BASE,967.85,6158703,GREATER TAMPA BAY AA,12200,FL
JTDBT4K35A1387929,2010,TOYOTA,YARIS,46180,SIL,BASE,85,7401441,FLSOR10,11700,FL
